<?xml version="1.0"?>
<lectures>
  <lecture number="0">
    <title>HTTP</title>
    <dates>Monday, 30 August 2010</dates>
    <resources>
      <resource name="Slides">
        <format path="lecture0.pdf" label="PDF"/>
      </resource>
      <resource name="Syllabus">
        <format path="/syllabus/syllabus.pdf" label="PDF"/>
      </resource>
      <resource name="Video">
        <format path="http://cm.dce.harvard.edu/2011/01/13394/L01" label="Flash (SD)"/>
        <format path="http://cs75.tv/2010/fall/lectures/0/lecture0.mp4" label="MP4 (HD)"/>
      </resource>
    </resources>
  </lecture>
  <lecture number="1">
    <title>PHP</title>
    <dates>Monday, 13 September 2010</dates>
    <resources>
      <resource name="Slides">
        <format path="lecture1.pdf" label="PDF"/>
      </resource>
      <resource name="Source Code">
        <format path="src" label="index"/>
        <format path="src1.zip" label="ZIP"/>
      </resource>
      <resource name="Video">
        <format path="http://cm.dce.harvard.edu/2011/01/13394/L02" label="Flash (SD)"/>
        <format path="http://cs75.tv/2010/fall/lectures/1/lecture1.mp4" label="MP4 (HD)"/>
      </resource>                  
    </resources>
  </lecture>
  <lecture number="2">
    <title>PHP, Continued</title>
    <dates>Monday, 20 September 2010</dates>
    <resources>
      <resource name="Slides">
        <format path="lecture2.pdf" label="PDF"/>
      </resource>
      <resource name="Source Code">
        <format path="src" label="index"/>
        <format path="src2.zip" label="ZIP"/>
      </resource>
      <resource name="Video">
        <format path="http://cm.dce.harvard.edu/2011/01/13394/L03" label="Flash (SD)"/>
        <format path="http://cs75.tv/2010/fall/lectures/2/lecture2.mp4" label="MP4 (HD)"/>
      </resource>                  
    </resources>
  </lecture>
</lectures>
